"Step","3i_350M_asura_ - Bench/LAMBADA_ppl","3i_350M_asura_ - Bench/LAMBADA_ppl__MIN","3i_350M_asura_ - Bench/LAMBADA_ppl__MAX","350M_baseline_QK_3eps - Bench/LAMBADA_ppl","350M_baseline_QK_3eps - Bench/LAMBADA_ppl__MIN","350M_baseline_QK_3eps - Bench/LAMBADA_ppl__MAX"
"0","49219.55026623169","49219.55026623169","49219.55026623169","49354.0535112178","49354.0535112178","49354.0535112178"
"1400","2785.629763114512","2785.629763114512","2785.629763114512","","",""
"1500","","","","841.135864167631","841.135864167631","841.135864167631"
"2800","626.3019047540112","626.3019047540112","626.3019047540112","","",""
"3000","","","","229.1948867550483","229.1948867550483","229.1948867550483"
"4200","285.6971238992288","285.6971238992288","285.6971238992288","","",""
"4500","","","","148.52883745459013","148.52883745459013","148.52883745459013"
"5600","169.69130994224614","169.69130994224614","169.69130994224614","","",""
"6000","","","","88.64446814627254","88.64446814627254","88.64446814627254"
"7000","117.66257895066171","117.66257895066171","117.66257895066171","","",""
"7500","","","","87.71908073663401","87.71908073663401","87.71908073663401"
"8400","89.31834531421661","89.31834531421661","89.31834531421661","","",""
"9000","","","","72.03306608335355","72.03306608335355","72.03306608335355"
"9800","68.61449745437831","68.61449745437831","68.61449745437831","","",""
"10500","","","","65.93711503244036","65.93711503244036","65.93711503244036"
"11200","63.642065410545534","63.642065410545534","63.642065410545534","","",""
"12000","","","","55.62876234815743","55.62876234815743","55.62876234815743"
"12600","49.38422481985667","49.38422481985667","49.38422481985667","","",""
"13500","","","","47.05522141549427","47.05522141549427","47.05522141549427"
"14000","55.431267915609965","55.431267915609965","55.431267915609965","","",""
"15000","","","","51.82684503716208","51.82684503716208","51.82684503716208"
"15400","57.27714965812969","57.27714965812969","57.27714965812969","","",""
"16500","","","","47.476289408454576","47.476289408454576","47.476289408454576"
"16800","39.18315255857464","39.18315255857464","39.18315255857464","","",""
"18000","","","","52.22707259030717","52.22707259030717","52.22707259030717"
"18200","37.4265020840448","37.4265020840448","37.4265020840448","","",""
"19500","","","","52.899949230697324","52.899949230697324","52.899949230697324"
"19600","40.18254768055137","40.18254768055137","40.18254768055137","","",""
"21000","38.295900689810026","38.295900689810026","38.295900689810026","37.08092534725134","37.08092534725134","37.08092534725134"
"22400","34.3448494973431","34.3448494973431","34.3448494973431","","",""
"22500","","","","39.7159241267868","39.7159241267868","39.7159241267868"
"23800","34.50366008390223","34.50366008390223","34.50366008390223","","",""
"24000","","","","41.00972504911098","41.00972504911098","41.00972504911098"
"25200","32.93499916143477","32.93499916143477","32.93499916143477","","",""
"25500","","","","39.89481702365958","39.89481702365958","39.89481702365958"
"26600","31.05127801794512","31.05127801794512","31.05127801794512","","",""
"27000","","","","39.199305462059165","39.199305462059165","39.199305462059165"
"28000","28.956841523607004","28.956841523607004","28.956841523607004","","",""
"28500","","","","35.403899251711074","35.403899251711074","35.403899251711074"
"29400","32.638514855938375","32.638514855938375","32.638514855938375","","",""
"30000","","","","39.76917449926105","39.76917449926105","39.76917449926105"
"30800","28.628112255582213","28.628112255582213","28.628112255582213","","",""
"31500","","","","37.93511828409559","37.93511828409559","37.93511828409559"
"32200","29.53486587789273","29.53486587789273","29.53486587789273","","",""
"33000","","","","30.032908762513756","30.032908762513756","30.032908762513756"
"33600","28.949050710738575","28.949050710738575","28.949050710738575","","",""
"34500","","","","33.21560321568311","33.21560321568311","33.21560321568311"
"35000","31.67130176710468","31.67130176710468","31.67130176710468","","",""
"36000","","","","28.893861478620114","28.893861478620114","28.893861478620114"
"36400","27.783532009773634","27.783532009773634","27.783532009773634","","",""
"37500","","","","28.61191046226487","28.61191046226487","28.61191046226487"
"37800","24.576079791962165","24.576079791962165","24.576079791962165","","",""
"39000","","","","35.65395365263344","35.65395365263344","35.65395365263344"
"39200","23.93407181215586","23.93407181215586","23.93407181215586","","",""
"40500","","","","26.71980304153589","26.71980304153589","26.71980304153589"
"40600","26.419520296413115","26.419520296413115","26.419520296413115","","",""
"42000","28.602785102608767","28.602785102608767","28.602785102608767","29.86213253223958","29.86213253223958","29.86213253223958"
"43400","27.684672972361568","27.684672972361568","27.684672972361568","","",""
"43500","","","","29.390504970272538","29.390504970272538","29.390504970272538"
"44800","26.754728528309805","26.754728528309805","26.754728528309805","","",""
"45000","","","","30.173054189762215","30.173054189762215","30.173054189762215"
"46200","27.31046616944901","27.31046616944901","27.31046616944901","","",""
"46500","","","","30.082375999841812","30.082375999841812","30.082375999841812"
"47600","22.368282917922375","22.368282917922375","22.368282917922375","","",""
"48000","","","","34.29229511424352","34.29229511424352","34.29229511424352"
"49000","26.810969896286625","26.810969896286625","26.810969896286625","","",""
"49500","","","","30.644986067458717","30.644986067458717","30.644986067458717"
"50400","25.898705422252746","25.898705422252746","25.898705422252746","","",""
"51000","","","","28.573938548189616","28.573938548189616","28.573938548189616"
"51800","25.26461943775907","25.26461943775907","25.26461943775907","","",""
"52500","","","","29.216291674953997","29.216291674953997","29.216291674953997"
"53200","22.33678523564407","22.33678523564407","22.33678523564407","","",""
"54000","","","","27.862643126228058","27.862643126228058","27.862643126228058"
"54600","23.461496102089114","23.461496102089114","23.461496102089114","","",""
"55500","","","","24.8473000562608","24.8473000562608","24.8473000562608"
"56000","24.232358781161544","24.232358781161544","24.232358781161544","","",""
"57000","","","","25.817539927431305","25.817539927431305","25.817539927431305"
"57400","25.186743006242608","25.186743006242608","25.186743006242608","","",""
"58500","","","","26.341847918632464","26.341847918632464","26.341847918632464"
"58800","21.790870320938353","21.790870320938353","21.790870320938353","","",""
"60000","","","","29.786583751128525","29.786583751128525","29.786583751128525"
"60200","25.3424674053096","25.3424674053096","25.3424674053096","","",""
"61500","","","","27.439871835840172","27.439871835840172","27.439871835840172"
"61600","23.79449244700285","23.79449244700285","23.79449244700285","","",""
"63000","24.126463489639043","24.126463489639043","24.126463489639043","26.09257795130932","26.09257795130932","26.09257795130932"
"64400","25.380000795429567","25.380000795429567","25.380000795429567","","",""
"64500","","","","27.71775493038726","27.71775493038726","27.71775493038726"
"65800","24.573049549780375","24.573049549780375","24.573049549780375","","",""
"66000","","","","25.07306938284665","25.07306938284665","25.07306938284665"
"67200","25.19865054173622","25.19865054173622","25.19865054173622","","",""
"67500","","","","28.153577697543398","28.153577697543398","28.153577697543398"
"68600","23.606588469450035","23.606588469450035","23.606588469450035","","",""
"69000","","","","26.88388514054979","26.88388514054979","26.88388514054979"
"70000","21.96053511763958","21.96053511763958","21.96053511763958","","",""
"70500","","","","24.919356193017524","24.919356193017524","24.919356193017524"
"71400","18.63611676594391","18.63611676594391","18.63611676594391","","",""
"72000","","","","26.870995061243807","26.870995061243807","26.870995061243807"
"72800","21.428415900775164","21.428415900775164","21.428415900775164","","",""
"73500","","","","28.895818449496502","28.895818449496502","28.895818449496502"
"74200","19.823599542742144","19.823599542742144","19.823599542742144","","",""
"75000","","","","23.744651234308034","23.744651234308034","23.744651234308034"
"75600","23.045516317726726","23.045516317726726","23.045516317726726","","",""
"76500","","","","26.985320048752325","26.985320048752325","26.985320048752325"
"77000","19.9697103598354","19.9697103598354","19.9697103598354","","",""
"78000","","","","29.228626550211526","29.228626550211526","29.228626550211526"
"78400","21.48097529373149","21.48097529373149","21.48097529373149","","",""
"79500","","","","31.243972703699438","31.243972703699438","31.243972703699438"
"79800","21.136116119021146","21.136116119021146","21.136116119021146","","",""
"81000","","","","24.154254703770608","24.154254703770608","24.154254703770608"
"81200","20.192278541040007","20.192278541040007","20.192278541040007","","",""
"82500","","","","26.25149935532904","26.25149935532904","26.25149935532904"
"82600","19.582631037186147","19.582631037186147","19.582631037186147","","",""
"84000","19.24835878374087","19.24835878374087","19.24835878374087","26.491137109413774","26.491137109413774","26.491137109413774"
"85400","20.42649611528807","20.42649611528807","20.42649611528807","","",""
"85500","","","","29.645514290611345","29.645514290611345","29.645514290611345"
"86800","19.30270994626798","19.30270994626798","19.30270994626798","","",""
"87000","","","","25.161365672973613","25.161365672973613","25.161365672973613"
"88200","20.698742754818166","20.698742754818166","20.698742754818166","","",""
"88500","","","","24.066577667071808","24.066577667071808","24.066577667071808"
"89600","19.390851140621553","19.390851140621553","19.390851140621553","","",""
"90000","","","","26.761724347938223","26.761724347938223","26.761724347938223"
"91000","22.85679767814774","22.85679767814774","22.85679767814774","","",""
"91500","","","","27.087583403464663","27.087583403464663","27.087583403464663"
"92400","19.422597162997555","19.422597162997555","19.422597162997555","","",""
"93000","","","","21.314147434051012","21.314147434051012","21.314147434051012"
"93800","20.91304686379988","20.91304686379988","20.91304686379988","","",""
"94500","","","","24.37892587595227","24.37892587595227","24.37892587595227"
"95200","22.80997973903623","22.80997973903623","22.80997973903623","","",""
"96000","","","","21.508842475805455","21.508842475805455","21.508842475805455"
"96600","18.76903554225146","18.76903554225146","18.76903554225146","","",""
"97500","","","","21.140600838220685","21.140600838220685","21.140600838220685"
"98000","20.617149154448395","20.617149154448395","20.617149154448395","","",""
"99000","","","","23.70651882911158","23.70651882911158","23.70651882911158"
"99400","19.843416310521132","19.843416310521132","19.843416310521132","","",""
"100500","","","","23.836857505595816","23.836857505595816","23.836857505595816"
"100800","21.34841345630853","21.34841345630853","21.34841345630853","","",""
"102000","","","","22.396906059402863","22.396906059402863","22.396906059402863"
"102200","21.055454903772024","21.055454903772024","21.055454903772024","","",""
"103500","","","","23.52810455611587","23.52810455611587","23.52810455611587"
"103600","19.190719731307553","19.190719731307553","19.190719731307553","","",""
"105000","20.479652625505608","20.479652625505608","20.479652625505608","26.28331118702599","26.28331118702599","26.28331118702599"
"106400","19.391126180326037","19.391126180326037","19.391126180326037","","",""
"106500","","","","24.253566373393976","24.253566373393976","24.253566373393976"
"107800","20.04640797235279","20.04640797235279","20.04640797235279","","",""
"108000","","","","26.554631011825858","26.554631011825858","26.554631011825858"
"109200","19.686435260972914","19.686435260972914","19.686435260972914","","",""
"109500","","","","24.984324094694994","24.984324094694994","24.984324094694994"
"110600","18.44844276482165","18.44844276482165","18.44844276482165","","",""
"111000","","","","22.700476007271664","22.700476007271664","22.700476007271664"
"112000","19.27635540927558","19.27635540927558","19.27635540927558","","",""
"112500","","","","29.11804139494557","29.11804139494557","29.11804139494557"
"113400","19.33529264305683","19.33529264305683","19.33529264305683","","",""
"114000","","","","24.91669355403335","24.91669355403335","24.91669355403335"
"114800","20.341459331901202","20.341459331901202","20.341459331901202","","",""
"115500","","","","23.558751644784973","23.558751644784973","23.558751644784973"
"116200","20.86573441671448","20.86573441671448","20.86573441671448","","",""
"117000","","","","21.85619223228834","21.85619223228834","21.85619223228834"
"117600","20.9212727051971","20.9212727051971","20.9212727051971","","",""
"118500","","","","20.32558301762887","20.32558301762887","20.32558301762887"
"119000","19.463718947829605","19.463718947829605","19.463718947829605","","",""
"120000","","","","26.135643601086468","26.135643601086468","26.135643601086468"
"120400","19.66815318035604","19.66815318035604","19.66815318035604","","",""
"121500","","","","23.129964324968444","23.129964324968444","23.129964324968444"
"121800","18.673380290505648","18.673380290505648","18.673380290505648","","",""
"123000","","","","22.045020408835057","22.045020408835057","22.045020408835057"
"123200","20.457210431117982","20.457210431117982","20.457210431117982","","",""
"124500","","","","22.61655933722549","22.61655933722549","22.61655933722549"
"124600","18.729445555482766","18.729445555482766","18.729445555482766","","",""
"126000","17.517436920752825","17.517436920752825","17.517436920752825","22.4941425267248","22.4941425267248","22.4941425267248"
"127400","19.179761704013842","19.179761704013842","19.179761704013842","","",""
"127500","","","","25.035129056773567","25.035129056773567","25.035129056773567"
"128800","19.954575031662444","19.954575031662444","19.954575031662444","","",""
"129000","","","","21.877381594528448","21.877381594528448","21.877381594528448"
"130200","19.119187048888787","19.119187048888787","19.119187048888787","","",""
"130500","","","","22.514582086394487","22.514582086394487","22.514582086394487"
"131600","18.436528085588186","18.436528085588186","18.436528085588186","","",""
"132000","","","","23.908633680328037","23.908633680328037","23.908633680328037"
"133000","18.27176801650016","18.27176801650016","18.27176801650016","","",""
"133500","","","","25.12097924003733","25.12097924003733","25.12097924003733"
"134400","20.2314191558885","20.2314191558885","20.2314191558885","","",""
"135000","","","","21.529811115910757","21.529811115910757","21.529811115910757"
"135800","19.56604263913574","19.56604263913574","19.56604263913574","","",""
"136500","","","","22.394659100095666","22.394659100095666","22.394659100095666"
"137200","18.628773186049347","18.628773186049347","18.628773186049347","","",""
"138600","19.87762285241448","19.87762285241448","19.87762285241448","","",""
"139500","","","","26.526224386940466","26.526224386940466","26.526224386940466"
"140000","19.154234996839627","19.154234996839627","19.154234996839627","","",""
"141000","","","","21.372541880166217","21.372541880166217","21.372541880166217"
"141400","17.177896805594433","17.177896805594433","17.177896805594433","","",""
"142500","","","","25.114149070444608","25.114149070444608","25.114149070444608"
"142800","18.388037916363807","18.388037916363807","18.388037916363807","","",""
"144000","","","","23.32376476936084","23.32376476936084","23.32376476936084"
"144200","17.679275493453638","17.679275493453638","17.679275493453638","","",""
"145500","","","","23.545441116188677","23.545441116188677","23.545441116188677"
"145600","18.39813304324453","18.39813304324453","18.39813304324453","","",""
"147000","18.33214245829961","18.33214245829961","18.33214245829961","21.415907318401374","21.415907318401374","21.415907318401374"
"148400","17.5284411184904","17.5284411184904","17.5284411184904","","",""
"149800","17.542562589595587","17.542562589595587","17.542562589595587","","",""
"150000","","","","24.39439508842418","24.39439508842418","24.39439508842418"
"151200","19.91051435676424","19.91051435676424","19.91051435676424","","",""
"151500","","","","22.262260222178774","22.262260222178774","22.262260222178774"
"152600","16.5157642062435","16.5157642062435","16.5157642062435","","",""
"153000","","","","24.120774376873644","24.120774376873644","24.120774376873644"
"154000","17.53393199847091","17.53393199847091","17.53393199847091","","",""
"154500","","","","17.705263463077777","17.705263463077777","17.705263463077777"
"155400","17.569573622719698","17.569573622719698","17.569573622719698","","",""
"156000","","","","20.601439181667462","20.601439181667462","20.601439181667462"
"156800","18.45994478374523","18.45994478374523","18.45994478374523","","",""
"157500","","","","22.88420242612308","22.88420242612308","22.88420242612308"
"158200","16.947295901088907","16.947295901088907","16.947295901088907","","",""
"159000","","","","23.22232715346008","23.22232715346008","23.22232715346008"
"159600","18.185134472299705","18.185134472299705","18.185134472299705","","",""
"160500","","","","23.229646385471764","23.229646385471764","23.229646385471764"
"161000","17.079104656055733","17.079104656055733","17.079104656055733","","",""
"162000","","","","22.28222898092221","22.28222898092221","22.28222898092221"
"162400","17.462113765665176","17.462113765665176","17.462113765665176","","",""
"163500","","","","20.556591222554456","20.556591222554456","20.556591222554456"
"163800","16.383690520765658","16.383690520765658","16.383690520765658","","",""
"165000","","","","24.504558323477752","24.504558323477752","24.504558323477752"
"165200","16.926790620252476","16.926790620252476","16.926790620252476","","",""
"166500","","","","22.865075169068298","22.865075169068298","22.865075169068298"
"166600","17.11246832693651","17.11246832693651","17.11246832693651","","",""
"168000","18.63089408542727","18.63089408542727","18.63089408542727","25.799485196310478","25.799485196310478","25.799485196310478"
"169400","17.623340505701336","17.623340505701336","17.623340505701336","","",""
"169500","","","","23.97258812938741","23.97258812938741","23.97258812938741"
"170800","16.920262093333907","16.920262093333907","16.920262093333907","","",""
"171000","","","","21.86404818338613","21.86404818338613","21.86404818338613"
"172200","17.792109273505663","17.792109273505663","17.792109273505663","","",""
"172500","","","","24.306698692348547","24.306698692348547","24.306698692348547"
"173600","16.133348923126377","16.133348923126377","16.133348923126377","","",""
"174000","","","","23.756471341407195","23.756471341407195","23.756471341407195"
"175000","16.73936111853636","16.73936111853636","16.73936111853636","","",""
"175500","","","","23.637954301087124","23.637954301087124","23.637954301087124"
"176400","16.76899301400857","16.76899301400857","16.76899301400857","","",""
"177000","","","","23.323864361432683","23.323864361432683","23.323864361432683"
"177800","16.929400109442458","16.929400109442458","16.929400109442458","","",""
"178500","","","","21.33482487195758","21.33482487195758","21.33482487195758"
"179200","17.542423997943654","17.542423997943654","17.542423997943654","","",""
"180000","","","","26.90428336549942","26.90428336549942","26.90428336549942"
"180600","17.571134474607955","17.571134474607955","17.571134474607955","","",""
"181500","","","","24.81603067914683","24.81603067914683","24.81603067914683"
"182000","16.479143076784105","16.479143076784105","16.479143076784105","","",""
"183000","","","","20.475071843090994","20.475071843090994","20.475071843090994"
"183400","18.072663373760218","18.072663373760218","18.072663373760218","","",""
"184500","","","","22.49679729679348","22.49679729679348","22.49679729679348"
"184800","17.18261692849639","17.18261692849639","17.18261692849639","","",""
"186000","","","","21.66428831290773","21.66428831290773","21.66428831290773"
"186200","17.922493690130256","17.922493690130256","17.922493690130256","","",""
"187500","","","","20.585119911214985","20.585119911214985","20.585119911214985"
"187600","17.709739167914922","17.709739167914922","17.709739167914922","","",""
"189000","16.53753312081925","16.53753312081925","16.53753312081925","20.51496345906303","20.51496345906303","20.51496345906303"
"190400","17.052151534508912","17.052151534508912","17.052151534508912","","",""
"190500","","","","19.48584430645765","19.48584430645765","19.48584430645765"
"191800","16.938249541447234","16.938249541447234","16.938249541447234","","",""
"192000","","","","22.804261801204724","22.804261801204724","22.804261801204724"
"193200","17.52169776540171","17.52169776540171","17.52169776540171","","",""
"193500","","","","22.108788804447677","22.108788804447677","22.108788804447677"
"194600","16.423810317509332","16.423810317509332","16.423810317509332","","",""
"195000","","","","23.05258049623956","23.05258049623956","23.05258049623956"
"196000","17.178891676966714","17.178891676966714","17.178891676966714","","",""
"196500","","","","24.10332966644206","24.10332966644206","24.10332966644206"
"197400","17.069298190869617","17.069298190869617","17.069298190869617","","",""
"198000","","","","21.449621740331906","21.449621740331906","21.449621740331906"
"198800","16.514572810964452","16.514572810964452","16.514572810964452","","",""
"199500","","","","22.558752356022854","22.558752356022854","22.558752356022854"
"200200","17.96714638194069","17.96714638194069","17.96714638194069","","",""
"201000","","","","20.337091146125008","20.337091146125008","20.337091146125008"
"201600","18.231855385927968","18.231855385927968","18.231855385927968","","",""
"202500","","","","25.199811756711874","25.199811756711874","25.199811756711874"
"203000","17.13551591710163","17.13551591710163","17.13551591710163","","",""
"204000","","","","21.83759908023725","21.83759908023725","21.83759908023725"
"204400","17.381939888427052","17.381939888427052","17.381939888427052","","",""
"205500","","","","21.055906310239696","21.055906310239696","21.055906310239696"
"205800","16.527483503291585","16.527483503291585","16.527483503291585","","",""
"207000","","","","21.10070772028317","21.10070772028317","21.10070772028317"
"207200","16.997108370529972","16.997108370529972","16.997108370529972","","",""
"208500","","","","18.624726681699716","18.624726681699716","18.624726681699716"
"208600","16.731300079913733","16.731300079913733","16.731300079913733","","",""
"210000","16.577141431562893","16.577141431562893","16.577141431562893","22.76327711059559","22.76327711059559","22.76327711059559"
"211400","16.164557684142025","16.164557684142025","16.164557684142025","","",""
"211500","","","","23.14587605901744","23.14587605901744","23.14587605901744"
"212800","18.335869662112106","18.335869662112106","18.335869662112106","","",""
"213000","","","","21.063396455960802","21.063396455960802","21.063396455960802"
"214200","16.918313484738437","16.918313484738437","16.918313484738437","","",""
"214500","","","","17.801011690160948","17.801011690160948","17.801011690160948"
"215600","16.841413913537753","16.841413913537753","16.841413913537753","","",""
"216000","","","","21.56822416045129","21.56822416045129","21.56822416045129"
"217000","15.988820068703268","15.988820068703268","15.988820068703268","","",""
"217500","","","","23.513867516267847","23.513867516267847","23.513867516267847"
"218400","17.32876838091183","17.32876838091183","17.32876838091183","","",""
"219000","","","","19.68085610949621","19.68085610949621","19.68085610949621"
"219800","17.34479047602026","17.34479047602026","17.34479047602026","","",""
"220500","","","","21.874600026417976","21.874600026417976","21.874600026417976"
"221200","16.12266387537115","16.12266387537115","16.12266387537115","","",""
"222000","","","","21.51203566192204","21.51203566192204","21.51203566192204"
"222600","16.11891220620832","16.11891220620832","16.11891220620832","","",""
"223500","","","","20.538300847330294","20.538300847330294","20.538300847330294"
"224000","15.367269747592038","15.367269747592038","15.367269747592038","","",""
"225000","","","","21.625644815836374","21.625644815836374","21.625644815836374"
"225400","16.68026074054424","16.68026074054424","16.68026074054424","","",""
"226500","","","","20.97996022409262","20.97996022409262","20.97996022409262"
"226800","15.42560441385633","15.42560441385633","15.42560441385633","","",""
"228000","","","","19.526051009414722","19.526051009414722","19.526051009414722"
"228200","16.421222742830505","16.421222742830505","16.421222742830505","","",""
"229500","","","","22.20691709170005","22.20691709170005","22.20691709170005"
"229600","16.465797092879125","16.465797092879125","16.465797092879125","","",""
"231000","16.49915365905775","16.49915365905775","16.49915365905775","21.361276811443506","21.361276811443506","21.361276811443506"
"232400","16.166090605662053","16.166090605662053","16.166090605662053","","",""
"232500","","","","20.212699799001648","20.212699799001648","20.212699799001648"
"233800","16.503717381540227","16.503717381540227","16.503717381540227","","",""
"234000","","","","20.494365110172488","20.494365110172488","20.494365110172488"
"235200","15.787633147079141","15.787633147079141","15.787633147079141","","",""
"235500","","","","21.53975574504645","21.53975574504645","21.53975574504645"
"236600","15.531808913781024","15.531808913781024","15.531808913781024","","",""
"237000","","","","20.950232500759054","20.950232500759054","20.950232500759054"
"238000","15.511449576293211","15.511449576293211","15.511449576293211","","",""
"238500","","","","20.03564443794737","20.03564443794737","20.03564443794737"
"239400","16.873551775828947","16.873551775828947","16.873551775828947","","",""
"240000","","","","23.42330765458218","23.42330765458218","23.42330765458218"
"240800","17.094064238794665","17.094064238794665","17.094064238794665","","",""
"241500","","","","22.82444705159309","22.82444705159309","22.82444705159309"
"242200","16.70377548136611","16.70377548136611","16.70377548136611","","",""
"243000","","","","19.739846516132793","19.739846516132793","19.739846516132793"
"243600","16.31655009654799","16.31655009654799","16.31655009654799","","",""
"244500","","","","21.75105150997555","21.75105150997555","21.75105150997555"
"245000","15.831694303467852","15.831694303467852","15.831694303467852","","",""
"246000","","","","19.53637926230106","19.53637926230106","19.53637926230106"
"246400","15.77319518650149","15.77319518650149","15.77319518650149","","",""
"247500","","","","20.189729517051052","20.189729517051052","20.189729517051052"
"247800","17.032550867644595","17.032550867644595","17.032550867644595","","",""
"249000","","","","18.562808960020117","18.562808960020117","18.562808960020117"
"249200","16.81819325707643","16.81819325707643","16.81819325707643","","",""
"250500","","","","17.733965540848995","17.733965540848995","17.733965540848995"
"250600","16.20597421225196","16.20597421225196","16.20597421225196","","",""
"252000","16.102078925901445","16.102078925901445","16.102078925901445","21.461787386662117","21.461787386662117","21.461787386662117"
"253400","16.224025158983473","16.224025158983473","16.224025158983473","","",""
"253500","","","","20.431622329516422","20.431622329516422","20.431622329516422"
"254800","15.84021909500152","15.84021909500152","15.84021909500152","","",""
"255000","","","","20.314936794547044","20.314936794547044","20.314936794547044"
"256200","15.86344132896512","15.86344132896512","15.86344132896512","","",""
"256500","","","","20.223706846345685","20.223706846345685","20.223706846345685"
"257600","16.01541183366924","16.01541183366924","16.01541183366924","","",""
"258000","","","","20.958985723775573","20.958985723775573","20.958985723775573"
"259000","16.173866590203357","16.173866590203357","16.173866590203357","","",""
"259500","","","","22.341984508749654","22.341984508749654","22.341984508749654"
"260400","16.051988406019156","16.051988406019156","16.051988406019156","","",""
"261000","","","","22.231201089210348","22.231201089210348","22.231201089210348"
"261800","16.67649842906925","16.67649842906925","16.67649842906925","","",""
"262500","","","","22.97964845454469","22.97964845454469","22.97964845454469"
"263200","15.985938612869456","15.985938612869456","15.985938612869456","","",""
"264000","","","","20.77585815501211","20.77585815501211","20.77585815501211"
"264600","15.00050445782926","15.00050445782926","15.00050445782926","","",""
"265500","","","","19.670844415179424","19.670844415179424","19.670844415179424"
"266000","15.676528199613509","15.676528199613509","15.676528199613509","","",""
"267000","","","","20.73813063701326","20.73813063701326","20.73813063701326"
"267400","15.498686099424175","15.498686099424175","15.498686099424175","","",""
"268500","","","","18.548383479142533","18.548383479142533","18.548383479142533"
"268800","15.507829480199076","15.507829480199076","15.507829480199076","","",""
"270000","","","","19.9031602387847","19.9031602387847","19.9031602387847"
"270200","16.01028081159866","16.01028081159866","16.01028081159866","","",""
"271500","","","","20.453359562867337","20.453359562867337","20.453359562867337"
"271600","16.1068727811942","16.1068727811942","16.1068727811942","","",""
"273000","16.313015606264905","16.313015606264905","16.313015606264905","19.548466031324455","19.548466031324455","19.548466031324455"
"274400","16.40497416248497","16.40497416248497","16.40497416248497","","",""
"274500","","","","18.08017898358817","18.08017898358817","18.08017898358817"
"275800","15.30738989779545","15.30738989779545","15.30738989779545","","",""
"276000","","","","21.95073739901926","21.95073739901926","21.95073739901926"
"277200","16.105617979529725","16.105617979529725","16.105617979529725","","",""
"277500","","","","21.22547168053028","21.22547168053028","21.22547168053028"
"278600","15.40073820009656","15.40073820009656","15.40073820009656","","",""
"279000","","","","18.882646707329524","18.882646707329524","18.882646707329524"
"280000","16.175570911339314","16.175570911339314","16.175570911339314","","",""
"280500","","","","21.120772445079176","21.120772445079176","21.120772445079176"
"281400","15.648771432104015","15.648771432104015","15.648771432104015","","",""
"282000","","","","22.430554490058263","22.430554490058263","22.430554490058263"
"282800","15.752893724230237","15.752893724230237","15.752893724230237","","",""
"283500","","","","20.36527788132879","20.36527788132879","20.36527788132879"
"284200","15.768898097479465","15.768898097479465","15.768898097479465","","",""
"285000","","","","20.544813425893903","20.544813425893903","20.544813425893903"
"285600","16.5698182355322","16.5698182355322","16.5698182355322","","",""
"286500","","","","19.75801813800712","19.75801813800712","19.75801813800712"
"287000","16.459350839613375","16.459350839613375","16.459350839613375","","",""
"288000","","","","18.54992307634886","18.54992307634886","18.54992307634886"
"288400","15.751402035645482","15.751402035645482","15.751402035645482","","",""
"289500","","","","19.896239270440386","19.896239270440386","19.896239270440386"
"289800","15.949186290146361","15.949186290146361","15.949186290146361","","",""
"291000","","","","20.897447552871213","20.897447552871213","20.897447552871213"
"291200","15.065742216252337","15.065742216252337","15.065742216252337","","",""
"292500","","","","18.4409216198332","18.4409216198332","18.4409216198332"
"292600","15.44836931027163","15.44836931027163","15.44836931027163","","",""
"294000","","","","19.452917241627212","19.452917241627212","19.452917241627212"
"295400","17.093071040619364","17.093071040619364","17.093071040619364","","",""
"295500","","","","18.85386263396923","18.85386263396923","18.85386263396923"
"296800","15.482383809431969","15.482383809431969","15.482383809431969","","",""
"297000","","","","20.278162167415456","20.278162167415456","20.278162167415456"
"298200","15.818108320360993","15.818108320360993","15.818108320360993","","",""
"298500","","","","19.91152680849687","19.91152680849687","19.91152680849687"
"300000","","","","22.317054982780906","22.317054982780906","22.317054982780906"
"301000","16.112487057430574","16.112487057430574","16.112487057430574","","",""
"301500","","","","20.96811352433078","20.96811352433078","20.96811352433078"
"302400","15.056009622964515","15.056009622964515","15.056009622964515","","",""
"303000","","","","20.02162954679866","20.02162954679866","20.02162954679866"
"303800","15.83921216589734","15.83921216589734","15.83921216589734","","",""
"304500","","","","21.129194864348488","21.129194864348488","21.129194864348488"
"305200","16.128363125679076","16.128363125679076","16.128363125679076","","",""
"306000","","","","18.292256219048664","18.292256219048664","18.292256219048664"
"306600","16.10992372577515","16.10992372577515","16.10992372577515","","",""
"307500","","","","18.57201038564472","18.57201038564472","18.57201038564472"
"308000","15.981752418449712","15.981752418449712","15.981752418449712","","",""
"309000","","","","18.159247256258425","18.159247256258425","18.159247256258425"
"309400","15.580247138830385","15.580247138830385","15.580247138830385","","",""
"310500","","","","20.339145632865623","20.339145632865623","20.339145632865623"
"310800","16.02392964343109","16.02392964343109","16.02392964343109","","",""
"312000","","","","18.68512634850933","18.68512634850933","18.68512634850933"
"312200","16.271989189001907","16.271989189001907","16.271989189001907","","",""
"313500","","","","19.447548754703533","19.447548754703533","19.447548754703533"
"313600","16.10127285754598","16.10127285754598","16.10127285754598","","",""
"315000","15.624381291836556","15.624381291836556","15.624381291836556","20.991728582590138","20.991728582590138","20.991728582590138"
"316400","15.699926442930606","15.699926442930606","15.699926442930606","","",""
"316500","","","","20.130274011750412","20.130274011750412","20.130274011750412"
"317800","15.917787932435939","15.917787932435939","15.917787932435939","","",""
"318000","","","","21.493328017712138","21.493328017712138","21.493328017712138"
"319200","16.73370679520634","16.73370679520634","16.73370679520634","","",""
"319500","","","","21.747281002836832","21.747281002836832","21.747281002836832"
"320600","15.393797673504764","15.393797673504764","15.393797673504764","","",""
"321000","","","","20.820022636810734","20.820022636810734","20.820022636810734"
"322000","15.173863698628555","15.173863698628555","15.173863698628555","","",""
"322500","","","","19.26389793362885","19.26389793362885","19.26389793362885"
"323400","15.730656752632703","15.730656752632703","15.730656752632703","","",""
"324000","","","","19.3799527184526","19.3799527184526","19.3799527184526"
"324800","15.739542402853294","15.739542402853294","15.739542402853294","","",""
"325500","","","","19.979852274864246","19.979852274864246","19.979852274864246"
"326200","15.679569594407782","15.679569594407782","15.679569594407782","","",""
"327000","","","","20.278470449072213","20.278470449072213","20.278470449072213"
"328500","","","","19.948280743835493","19.948280743835493","19.948280743835493"
"330000","","","","21.9359361885607","21.9359361885607","21.9359361885607"
"331500","","","","20.987670451061568","20.987670451061568","20.987670451061568"
"333000","","","","20.765812832322077","20.765812832322077","20.765812832322077"
"334500","","","","21.20772581313494","21.20772581313494","21.20772581313494"
"336000","","","","18.158808856840494","18.158808856840494","18.158808856840494"
"337500","","","","17.378912092690978","17.378912092690978","17.378912092690978"
"339000","","","","17.523822245699108","17.523822245699108","17.523822245699108"
"340500","","","","17.143556562789446","17.143556562789446","17.143556562789446"
"342000","","","","19.42460585645801","19.42460585645801","19.42460585645801"
"343500","","","","18.288399460942365","18.288399460942365","18.288399460942365"
"345000","","","","20.881686000479686","20.881686000479686","20.881686000479686"
"346500","","","","21.178939003827416","21.178939003827416","21.178939003827416"
"349500","","","","21.21669656429092","21.21669656429092","21.21669656429092"
"351000","","","","20.726008675275942","20.726008675275942","20.726008675275942"
"352500","","","","18.198695435945687","18.198695435945687","18.198695435945687"
"354000","","","","19.781911664499916","19.781911664499916","19.781911664499916"
"355500","","","","18.844452428016112","18.844452428016112","18.844452428016112"
"357000","","","","20.92971299508426","20.92971299508426","20.92971299508426"
"358500","","","","19.89041689634939","19.89041689634939","19.89041689634939"
"360000","","","","21.519899243886407","21.519899243886407","21.519899243886407"
"361500","","","","20.119034116477113","20.119034116477113","20.119034116477113"
"363000","","","","19.075044749539636","19.075044749539636","19.075044749539636"
"364500","","","","21.312044190074346","21.312044190074346","21.312044190074346"
"366000","","","","18.840492187444106","18.840492187444106","18.840492187444106"
"367500","","","","16.80017167054841","16.80017167054841","16.80017167054841"
"369000","","","","18.559286391418237","18.559286391418237","18.559286391418237"
"370500","","","","16.967565558174595","16.967565558174595","16.967565558174595"
"372000","","","","17.88269489707268","17.88269489707268","17.88269489707268"
"373500","","","","18.806921923494762","18.806921923494762","18.806921923494762"
"375000","","","","20.288323999252512","20.288323999252512","20.288323999252512"
"376500","","","","18.44243558633432","18.44243558633432","18.44243558633432"
"378000","","","","20.615357280872395","20.615357280872395","20.615357280872395"
"379500","","","","21.117263271335982","21.117263271335982","21.117263271335982"
"381000","","","","19.25248514033591","19.25248514033591","19.25248514033591"
"382500","","","","18.452855858731755","18.452855858731755","18.452855858731755"
"384000","","","","19.19332824661481","19.19332824661481","19.19332824661481"
"385500","","","","19.603951249684176","19.603951249684176","19.603951249684176"
"387000","","","","20.051901932335042","20.051901932335042","20.051901932335042"
"388500","","","","21.642155295804738","21.642155295804738","21.642155295804738"
"390000","","","","19.970481472203648","19.970481472203648","19.970481472203648"
"391500","","","","19.530740213616617","19.530740213616617","19.530740213616617"
"393000","","","","20.20720683933559","20.20720683933559","20.20720683933559"
"394500","","","","20.26886488038841","20.26886488038841","20.26886488038841"
"396000","","","","17.84475762979605","17.84475762979605","17.84475762979605"
"397500","","","","16.994218362495346","16.994218362495346","16.994218362495346"
"399000","","","","17.85861288188814","17.85861288188814","17.85861288188814"
"400500","","","","17.973589612207462","17.973589612207462","17.973589612207462"
"402000","","","","18.068911341870486","18.068911341870486","18.068911341870486"
"403500","","","","18.311272315043897","18.311272315043897","18.311272315043897"
"405000","","","","20.890432482361625","20.890432482361625","20.890432482361625"
"406500","","","","18.816469510239745","18.816469510239745","18.816469510239745"
"408000","","","","18.610235008172918","18.610235008172918","18.610235008172918"
"409500","","","","19.763480054838777","19.763480054838777","19.763480054838777"
"411000","","","","17.603515511682964","17.603515511682964","17.603515511682964"
"412500","","","","19.136956810606762","19.136956810606762","19.136956810606762"
"414000","","","","18.381487044859803","18.381487044859803","18.381487044859803"
"415500","","","","20.122373357097917","20.122373357097917","20.122373357097917"
"417000","","","","18.33514320672252","18.33514320672252","18.33514320672252"
"418500","","","","18.06507107581929","18.06507107581929","18.06507107581929"
"420000","","","","20.413090439899182","20.413090439899182","20.413090439899182"
"421500","","","","18.34401694618957","18.34401694618957","18.34401694618957"
"423000","","","","18.998576973660484","18.998576973660484","18.998576973660484"
"424500","","","","17.29638833757073","17.29638833757073","17.29638833757073"
"426000","","","","19.751336492580702","19.751336492580702","19.751336492580702"
"427500","","","","18.344948220347018","18.344948220347018","18.344948220347018"
"429000","","","","17.943798056467372","17.943798056467372","17.943798056467372"
"430500","","","","18.35817400289622","18.35817400289622","18.35817400289622"
"432000","","","","19.247050457147328","19.247050457147328","19.247050457147328"
"433500","","","","18.410280057538383","18.410280057538383","18.410280057538383"
"435000","","","","19.15043568792789","19.15043568792789","19.15043568792789"
"436500","","","","19.99214166169177","19.99214166169177","19.99214166169177"
"438000","","","","18.722761855983983","18.722761855983983","18.722761855983983"
"439500","","","","18.8524551244116","18.8524551244116","18.8524551244116"
"441000","","","","19.11469067063586","19.11469067063586","19.11469067063586"
"442500","","","","18.138780464639304","18.138780464639304","18.138780464639304"
"444000","","","","17.38795309147362","17.38795309147362","17.38795309147362"
"445500","","","","18.144358196472318","18.144358196472318","18.144358196472318"
"447000","","","","18.438076961566168","18.438076961566168","18.438076961566168"
"448500","","","","17.62316986060637","17.62316986060637","17.62316986060637"
"450000","","","","18.750929675236094","18.750929675236094","18.750929675236094"
"451500","","","","20.391757815043587","20.391757815043587","20.391757815043587"
"453000","","","","17.377713235277948","17.377713235277948","17.377713235277948"
"454500","","","","20.420467291541343","20.420467291541343","20.420467291541343"
"456000","","","","17.391307464540276","17.391307464540276","17.391307464540276"
"457500","","","","18.188730854164813","18.188730854164813","18.188730854164813"
"459000","","","","16.76830768351024","16.76830768351024","16.76830768351024"
"460500","","","","18.806542566664692","18.806542566664692","18.806542566664692"
"462000","","","","17.54282803618368","17.54282803618368","17.54282803618368"
"463500","","","","18.862640110479813","18.862640110479813","18.862640110479813"
"465000","","","","19.77257151883037","19.77257151883037","19.77257151883037"
"466500","","","","18.07224568770614","18.07224568770614","18.07224568770614"
"468000","","","","18.76706785540429","18.76706785540429","18.76706785540429"
"469500","","","","17.754974039713485","17.754974039713485","17.754974039713485"
"471000","","","","17.673673523036687","17.673673523036687","17.673673523036687"
"472500","","","","18.750175893115692","18.750175893115692","18.750175893115692"
"474000","","","","18.19242556024595","18.19242556024595","18.19242556024595"
"475500","","","","19.046631431552832","19.046631431552832","19.046631431552832"
"477000","","","","18.27788803572544","18.27788803572544","18.27788803572544"
"478500","","","","18.324549242542112","18.324549242542112","18.324549242542112"
"480000","","","","19.04407635042733","19.04407635042733","19.04407635042733"
"481500","","","","17.94319669345606","17.94319669345606","17.94319669345606"
"483000","","","","18.376631199044606","18.376631199044606","18.376631199044606"
"484500","","","","18.582836832292625","18.582836832292625","18.582836832292625"
"486000","","","","18.12238865289337","18.12238865289337","18.12238865289337"
"487500","","","","17.571882692108346","17.571882692108346","17.571882692108346"
"489000","","","","17.88936783184794","17.88936783184794","17.88936783184794"
"490500","","","","18.96652967754041","18.96652967754041","18.96652967754041"
"492000","","","","18.334259011443386","18.334259011443386","18.334259011443386"
"493500","","","","18.95146558799637","18.95146558799637","18.95146558799637"
"495000","","","","18.08159073034016","18.08159073034016","18.08159073034016"
"496500","","","","18.64515118629472","18.64515118629472","18.64515118629472"
"498000","","","","17.970243084129574","17.970243084129574","17.970243084129574"
"499500","","","","18.440828570975995","18.440828570975995","18.440828570975995"
"501000","","","","18.857115180176596","18.857115180176596","18.857115180176596"
"502500","","","","17.6614185069355","17.6614185069355","17.6614185069355"
"504000","","","","18.06953125793086","18.06953125793086","18.06953125793086"
"505500","","","","18.578417078716473","18.578417078716473","18.578417078716473"
"507000","","","","19.61960991729609","19.61960991729609","19.61960991729609"
"508500","","","","17.603396454948832","17.603396454948832","17.603396454948832"
"510000","","","","20.534771458084407","20.534771458084407","20.534771458084407"
"511500","","","","18.072381133593137","18.072381133593137","18.072381133593137"
"513000","","","","18.588776351918945","18.588776351918945","18.588776351918945"
"514500","","","","18.968797886713208","18.968797886713208","18.968797886713208"
"516000","","","","16.42216523222291","16.42216523222291","16.42216523222291"
"517500","","","","18.0936039231658","18.0936039231658","18.0936039231658"
"519000","","","","17.413210767387245","17.413210767387245","17.413210767387245"
"522000","","","","17.842543308845663","17.842543308845663","17.842543308845663"
"523500","","","","18.641980134514384","18.641980134514384","18.641980134514384"
"525000","","","","19.62708429907738","19.62708429907738","19.62708429907738"
"526500","","","","18.270755516360957","18.270755516360957","18.270755516360957"
"528000","","","","19.080991860731228","19.080991860731228","19.080991860731228"
"529500","","","","18.05356853891617","18.05356853891617","18.05356853891617"
"531000","","","","18.74162334425136","18.74162334425136","18.74162334425136"
"532500","","","","17.811543908333636","17.811543908333636","17.811543908333636"
"534000","","","","18.07797024512009","18.07797024512009","18.07797024512009"
"535500","","","","17.61061199642411","17.61061199642411","17.61061199642411"
"537000","","","","18.743585033145443","18.743585033145443","18.743585033145443"
"538500","","","","17.101215632588033","17.101215632588033","17.101215632588033"
"540000","","","","19.348282241849816","19.348282241849816","19.348282241849816"
"541500","","","","18.136375956127324","18.136375956127324","18.136375956127324"
"543000","","","","17.9311974520486","17.9311974520486","17.9311974520486"
"544500","","","","19.678211635959546","19.678211635959546","19.678211635959546"
"546000","","","","17.001649330358024","17.001649330358024","17.001649330358024"
"547500","","","","17.924950415117955","17.924950415117955","17.924950415117955"
"549000","","","","17.566509657538685","17.566509657538685","17.566509657538685"
"550500","","","","16.566433933629902","16.566433933629902","16.566433933629902"
"552000","","","","17.050122910363473","17.050122910363473","17.050122910363473"
"553500","","","","16.77475244591717","16.77475244591717","16.77475244591717"
"555000","","","","18.18641267355441","18.18641267355441","18.18641267355441"
"556500","","","","16.912233329048547","16.912233329048547","16.912233329048547"
"558000","","","","18.0229336402565","18.0229336402565","18.0229336402565"
"559500","","","","18.811662524228367","18.811662524228367","18.811662524228367"
"561000","","","","18.44074098316147","18.44074098316147","18.44074098316147"
"562500","","","","17.98212819914467","17.98212819914467","17.98212819914467"
"564000","","","","17.362120034875336","17.362120034875336","17.362120034875336"
"565500","","","","17.344299990472013","17.344299990472013","17.344299990472013"
"567000","","","","18.32080155461711","18.32080155461711","18.32080155461711"
"568500","","","","16.319410733286833","16.319410733286833","16.319410733286833"
"570000","","","","18.371884677749094","18.371884677749094","18.371884677749094"
"571500","","","","18.961720515674955","18.961720515674955","18.961720515674955"
"573000","","","","17.813201052262915","17.813201052262915","17.813201052262915"
"574500","","","","18.565237239966415","18.565237239966415","18.565237239966415"
"576000","","","","16.960425858537594","16.960425858537594","16.960425858537594"
"577500","","","","17.699197967094754","17.699197967094754","17.699197967094754"
"579000","","","","18.010726304672843","18.010726304672843","18.010726304672843"
"580500","","","","16.648351412916252","16.648351412916252","16.648351412916252"
"582000","","","","17.399384877534796","17.399384877534796","17.399384877534796"
"583500","","","","16.565015501425968","16.565015501425968","16.565015501425968"
"585000","","","","17.224920080769188","17.224920080769188","17.224920080769188"
"586500","","","","16.899554122407466","16.899554122407466","16.899554122407466"
"588000","","","","18.323121347834686","18.323121347834686","18.323121347834686"
"589500","","","","17.530447956867807","17.530447956867807","17.530447956867807"
"591000","","","","17.331945666832322","17.331945666832322","17.331945666832322"
"592500","","","","18.056503370347063","18.056503370347063","18.056503370347063"
"594000","","","","16.785151725577737","16.785151725577737","16.785151725577737"
"595500","","","","18.209967871511495","18.209967871511495","18.209967871511495"
"597000","","","","17.981780281908073","17.981780281908073","17.981780281908073"
"598500","","","","18.646919237667554","18.646919237667554","18.646919237667554"
"600000","","","","18.28378444386569","18.28378444386569","18.28378444386569"
"601500","","","","17.805789777005987","17.805789777005987","17.805789777005987"
"603000","","","","17.214909180123776","17.214909180123776","17.214909180123776"
"604500","","","","18.521400600054328","18.521400600054328","18.521400600054328"
"606000","","","","17.91151005878111","17.91151005878111","17.91151005878111"
"607500","","","","16.223612005461355","16.223612005461355","16.223612005461355"
"609000","","","","18.20124197747297","18.20124197747297","18.20124197747297"
"610500","","","","18.592837178060797","18.592837178060797","18.592837178060797"
"612000","","","","17.975039609516013","17.975039609516013","17.975039609516013"
"613500","","","","17.050237619293533","17.050237619293533","17.050237619293533"
"615000","","","","17.384411676337546","17.384411676337546","17.384411676337546"
"616500","","","","18.552498987910404","18.552498987910404","18.552498987910404"
"618000","","","","17.874768382812277","17.874768382812277","17.874768382812277"
"619500","","","","16.57659843621234","16.57659843621234","16.57659843621234"
"621000","","","","16.88962909378053","16.88962909378053","16.88962909378053"
"622500","","","","17.825459779082763","17.825459779082763","17.825459779082763"
"624000","","","","18.277308706874344","18.277308706874344","18.277308706874344"
"625500","","","","18.76086326255513","18.76086326255513","18.76086326255513"
"627000","","","","18.23954478411076","18.23954478411076","18.23954478411076"
"628500","","","","18.96421614100462","18.96421614100462","18.96421614100462"
"630000","","","","17.951982592164207","17.951982592164207","17.951982592164207"
"631500","","","","17.85281272442866","17.85281272442866","17.85281272442866"
"633000","","","","17.301979797257747","17.301979797257747","17.301979797257747"
"634500","","","","18.133527050352853","18.133527050352853","18.133527050352853"
"636000","","","","18.39648957694361","18.39648957694361","18.39648957694361"
"637500","","","","16.100751266143465","16.100751266143465","16.100751266143465"
"639000","","","","18.309250583151908","18.309250583151908","18.309250583151908"
"640500","","","","17.596889279909373","17.596889279909373","17.596889279909373"
"642000","","","","18.274069263469638","18.274069263469638","18.274069263469638"
"643500","","","","17.063269374607856","17.063269374607856","17.063269374607856"
"646500","","","","16.675549737549645","16.675549737549645","16.675549737549645"
"648000","","","","17.641526752350394","17.641526752350394","17.641526752350394"
"649500","","","","18.574650581753325","18.574650581753325","18.574650581753325"
"651000","","","","17.60129537162479","17.60129537162479","17.60129537162479"
"652500","","","","17.084261629019363","17.084261629019363","17.084261629019363"
"654000","","","","17.517221135806018","17.517221135806018","17.517221135806018"
"655500","","","","17.85093020250608","17.85093020250608","17.85093020250608"
"657000","","","","17.35412919259678","17.35412919259678","17.35412919259678"
"658500","","","","16.81203418357715","16.81203418357715","16.81203418357715"
"660000","","","","17.53997119000124","17.53997119000124","17.53997119000124"
"661500","","","","17.738483536245997","17.738483536245997","17.738483536245997"
"663000","","","","18.35615263686486","18.35615263686486","18.35615263686486"
"666000","","","","16.410301748451324","16.410301748451324","16.410301748451324"
"667500","","","","18.727242012194","18.727242012194","18.727242012194"
"669000","","","","16.91106210782035","16.91106210782035","16.91106210782035"
"670500","","","","16.70052780376297","16.70052780376297","16.70052780376297"
"672000","","","","18.143696385722606","18.143696385722606","18.143696385722606"
"673500","","","","17.665151936401163","17.665151936401163","17.665151936401163"
"675000","","","","17.299939484200777","17.299939484200777","17.299939484200777"
"676500","","","","17.460445645691077","17.460445645691077","17.460445645691077"
"678000","","","","17.441619386836194","17.441619386836194","17.441619386836194"
"679500","","","","19.211760258119728","19.211760258119728","19.211760258119728"
"681000","","","","18.134978297442466","18.134978297442466","18.134978297442466"
"682500","","","","17.896623537306862","17.896623537306862","17.896623537306862"
"684000","","","","18.83746841813535","18.83746841813535","18.83746841813535"
"685500","","","","17.072316279301237","17.072316279301237","17.072316279301237"
"687000","","","","17.327782685723342","17.327782685723342","17.327782685723342"
"688500","","","","17.956118902684807","17.956118902684807","17.956118902684807"
"690000","","","","17.214753092711632","17.214753092711632","17.214753092711632"
"691500","","","","17.25150496181686","17.25150496181686","17.25150496181686"
"693000","","","","16.85773985048538","16.85773985048538","16.85773985048538"
"694500","","","","17.489027754242333","17.489027754242333","17.489027754242333"
"696000","","","","17.58018078004126","17.58018078004126","17.58018078004126"
"697500","","","","17.16071870421402","17.16071870421402","17.16071870421402"
"699000","","","","17.97995784656849","17.97995784656849","17.97995784656849"
"700500","","","","16.71027322619531","16.71027322619531","16.71027322619531"
"702000","","","","17.84800352152684","17.84800352152684","17.84800352152684"
"703500","","","","16.961032856231263","16.961032856231263","16.961032856231263"
"705000","","","","16.969151215092843","16.969151215092843","16.969151215092843"
"706500","","","","17.514153957241263","17.514153957241263","17.514153957241263"
"708000","","","","17.39610528776483","17.39610528776483","17.39610528776483"
"709500","","","","18.554727792670985","18.554727792670985","18.554727792670985"
"711000","","","","17.639366377910882","17.639366377910882","17.639366377910882"
"712500","","","","17.65876468481931","17.65876468481931","17.65876468481931"
"714000","","","","16.757308392814053","16.757308392814053","16.757308392814053"
"715500","","","","17.386398523834952","17.386398523834952","17.386398523834952"
"717000","","","","17.97595710206947","17.97595710206947","17.97595710206947"
"718500","","","","17.226623239133193","17.226623239133193","17.226623239133193"
"720000","","","","17.39955005827248","17.39955005827248","17.39955005827248"
"721500","","","","17.23153166416182","17.23153166416182","17.23153166416182"
"723000","","","","19.096369205464423","19.096369205464423","19.096369205464423"
"724500","","","","18.148250086858074","18.148250086858074","18.148250086858074"
"726000","","","","16.744026486067465","16.744026486067465","16.744026486067465"
"727500","","","","17.101615585734624","17.101615585734624","17.101615585734624"
"729000","","","","17.030499562106534","17.030499562106534","17.030499562106534"
"730500","","","","16.548250654118643","16.548250654118643","16.548250654118643"
"732000","","","","16.912705486148596","16.912705486148596","16.912705486148596"
"733500","","","","16.03773001609107","16.03773001609107","16.03773001609107"
"735000","","","","17.991178967650605","17.991178967650605","17.991178967650605"
"736500","","","","16.331235880579737","16.331235880579737","16.331235880579737"
"738000","","","","17.550532308049906","17.550532308049906","17.550532308049906"
"739500","","","","17.88541224238464","17.88541224238464","17.88541224238464"
"741000","","","","16.999708262637206","16.999708262637206","16.999708262637206"
"742500","","","","17.89358636067594","17.89358636067594","17.89358636067594"
"744000","","","","16.423481073286613","16.423481073286613","16.423481073286613"
"745500","","","","17.658835172140392","17.658835172140392","17.658835172140392"
"747000","","","","17.77578514003739","17.77578514003739","17.77578514003739"
"748500","","","","17.56043647298905","17.56043647298905","17.56043647298905"
"750000","","","","17.95041501778795","17.95041501778795","17.95041501778795"
"751500","","","","16.844896089992098","16.844896089992098","16.844896089992098"
"753000","","","","16.607860840580962","16.607860840580962","16.607860840580962"
"754500","","","","16.515716376634924","16.515716376634924","16.515716376634924"
"756000","","","","17.708386762655824","17.708386762655824","17.708386762655824"
"757500","","","","17.262400684397225","17.262400684397225","17.262400684397225"
"759000","","","","17.75641738956097","17.75641738956097","17.75641738956097"
"760500","","","","17.28612767150425","17.28612767150425","17.28612767150425"
"762000","","","","17.098721327092832","17.098721327092832","17.098721327092832"
"763500","","","","16.439461550509524","16.439461550509524","16.439461550509524"
"765000","","","","17.153750989472467","17.153750989472467","17.153750989472467"
"766500","","","","16.02678415723624","16.02678415723624","16.02678415723624"
"768000","","","","17.199255086664547","17.199255086664547","17.199255086664547"
"769500","","","","17.202202732278735","17.202202732278735","17.202202732278735"
"771000","","","","17.470754221250395","17.470754221250395","17.470754221250395"
"772500","","","","16.667972414132183","16.667972414132183","16.667972414132183"
"774000","","","","16.125680947648515","16.125680947648515","16.125680947648515"
"775500","","","","17.025757601542896","17.025757601542896","17.025757601542896"
"777000","","","","17.33110451254937","17.33110451254937","17.33110451254937"
"778500","","","","16.731986870641574","16.731986870641574","16.731986870641574"
"780000","","","","17.283592679534998","17.283592679534998","17.283592679534998"
"781500","","","","17.361243383252997","17.361243383252997","17.361243383252997"
"783000","","","","18.372919538810706","18.372919538810706","18.372919538810706"
"784500","","","","17.465472722382103","17.465472722382103","17.465472722382103"
"786000","","","","16.703131296401757","16.703131296401757","16.703131296401757"
"789000","","","","17.010451906328893","17.010451906328893","17.010451906328893"
"790500","","","","17.881270510479915","17.881270510479915","17.881270510479915"
"792000","","","","17.8288608582855","17.8288608582855","17.8288608582855"
"793500","","","","16.508518670634317","16.508518670634317","16.508518670634317"
"795000","","","","16.98249603608365","16.98249603608365","16.98249603608365"
"796500","","","","17.612697398356943","17.612697398356943","17.612697398356943"
"798000","","","","16.835942478904183","16.835942478904183","16.835942478904183"
"799500","","","","18.197021612579007","18.197021612579007","18.197021612579007"
"801000","","","","17.550066457830834","17.550066457830834","17.550066457830834"
"802500","","","","16.906065948670918","16.906065948670918","16.906065948670918"
"804000","","","","16.150243396038732","16.150243396038732","16.150243396038732"
"805500","","","","16.9151244713781","16.9151244713781","16.9151244713781"
"807000","","","","17.37391780204118","17.37391780204118","17.37391780204118"
"808500","","","","17.370569869238402","17.370569869238402","17.370569869238402"
"810000","","","","17.371078483822572","17.371078483822572","17.371078483822572"
"811500","","","","17.26680994341686","17.26680994341686","17.26680994341686"
"813000","","","","18.527391036003067","18.527391036003067","18.527391036003067"
"814500","","","","17.768819615744736","17.768819615744736","17.768819615744736"
"816000","","","","17.202514884683865","17.202514884683865","17.202514884683865"
"817500","","","","17.15319723378983","17.15319723378983","17.15319723378983"
"819000","","","","17.13033363202885","17.13033363202885","17.13033363202885"
"820500","","","","17.09610710216485","17.09610710216485","17.09610710216485"
"822000","","","","16.62857112428945","16.62857112428945","16.62857112428945"
"823500","","","","16.01225304393332","16.01225304393332","16.01225304393332"
"825000","","","","16.99384200562761","16.99384200562761","16.99384200562761"
"826500","","","","16.520764386971436","16.520764386971436","16.520764386971436"
"828000","","","","17.02166261971635","17.02166261971635","17.02166261971635"
"829500","","","","17.5133341422557","17.5133341422557","17.5133341422557"
"831000","","","","16.906190601871494","16.906190601871494","16.906190601871494"
"832500","","","","17.530757344559863","17.530757344559863","17.530757344559863"
"834000","","","","16.586975659676668","16.586975659676668","16.586975659676668"
"835500","","","","21.145883721702635","21.145883721702635","21.145883721702635"
"837000","","","","26.172879458193293","26.172879458193293","26.172879458193293"
"838500","","","","18.33725652256565","18.33725652256565","18.33725652256565"
"840000","","","","25.84471229827064","25.84471229827064","25.84471229827064"
"841500","","","","18.035351975213594","18.035351975213594","18.035351975213594"
"843000","","","","17.324908737134315","17.324908737134315","17.324908737134315"
"844500","","","","18.076187947415736","18.076187947415736","18.076187947415736"
"846000","","","","17.83146843274822","17.83146843274822","17.83146843274822"
"847500","","","","16.703973134006272","16.703973134006272","16.703973134006272"
"849000","","","","16.76717711326674","16.76717711326674","16.76717711326674"
"850500","","","","17.128972824211196","17.128972824211196","17.128972824211196"
"852000","","","","18.22904206014317","18.22904206014317","18.22904206014317"
"853500","","","","17.573180753344186","17.573180753344186","17.573180753344186"
"855000","","","","17.322278396155376","17.322278396155376","17.322278396155376"
"856500","","","","18.30062006942446","18.30062006942446","18.30062006942446"
"858000","","","","17.40991795160395","17.40991795160395","17.40991795160395"
"859500","","","","17.202389880413453","17.202389880413453","17.202389880413453"
"861000","","","","16.600349372206985","16.600349372206985","16.600349372206985"
"862500","","","","17.63722308492447","17.63722308492447","17.63722308492447"
"864000","","","","17.02748846277569","17.02748846277569","17.02748846277569"
"865500","","","","16.810675464014214","16.810675464014214","16.810675464014214"
"867000","","","","25.05444184084303","25.05444184084303","25.05444184084303"
"868500","","","","22.914881746443115","22.914881746443115","22.914881746443115"
"870000","","","","28.800230622262028","28.800230622262028","28.800230622262028"
"871500","","","","18.228464765289594","18.228464765289594","18.228464765289594"
"873000","","","","17.351857061338574","17.351857061338574","17.351857061338574"
"874500","","","","18.01843597987032","18.01843597987032","18.01843597987032"
"876000","","","","17.56196645506496","17.56196645506496","17.56196645506496"
"877500","","","","16.805909414099737","16.805909414099737","16.805909414099737"
"879000","","","","17.014531595505357","17.014531595505357","17.014531595505357"
"880500","","","","17.378707843163642","17.378707843163642","17.378707843163642"
"882000","","","","18.674518675522187","18.674518675522187","18.674518675522187"
"883500","","","","17.74830235880776","17.74830235880776","17.74830235880776"
"885000","","","","16.93645994668876","16.93645994668876","16.93645994668876"
"886500","","","","17.5983691801128","17.5983691801128","17.5983691801128"
"888000","","","","16.713730168333747","16.713730168333747","16.713730168333747"
"889500","","","","17.334227407144848","17.334227407144848","17.334227407144848"
"891000","","","","18.0425306517337","18.0425306517337","18.0425306517337"
"892500","","","","17.054032132868976","17.054032132868976","17.054032132868976"
"894000","","","","16.87476587059511","16.87476587059511","16.87476587059511"
"895500","","","","16.803084207378895","16.803084207378895","16.803084207378895"
"897000","","","","17.412185723687166","17.412185723687166","17.412185723687166"
"898500","","","","17.20077927094726","17.20077927094726","17.20077927094726"
"900000","","","","17.010149182654683","17.010149182654683","17.010149182654683"
"901500","","","","17.625137963357858","17.625137963357858","17.625137963357858"
"903000","","","","17.945543600451607","17.945543600451607","17.945543600451607"
"904500","","","","17.420499288774273","17.420499288774273","17.420499288774273"
"906000","","","","16.750563895287513","16.750563895287513","16.750563895287513"
"907500","","","","16.29587529364649","16.29587529364649","16.29587529364649"
"909000","","","","18.242260715520665","18.242260715520665","18.242260715520665"
"910500","","","","17.335622898691632","17.335622898691632","17.335622898691632"
"912000","","","","17.969700111713166","17.969700111713166","17.969700111713166"
"913500","","","","16.663413501615192","16.663413501615192","16.663413501615192"
"915000","","","","16.998440581837254","16.998440581837254","16.998440581837254"
"916500","","","","17.79144292552132","17.79144292552132","17.79144292552132"
"918000","","","","17.373082533177975","17.373082533177975","17.373082533177975"
"919500","","","","18.18346243464042","18.18346243464042","18.18346243464042"
"921000","","","","17.626975273303515","17.626975273303515","17.626975273303515"
"922500","","","","17.763958239207987","17.763958239207987","17.763958239207987"
"924000","","","","16.479814832187103","16.479814832187103","16.479814832187103"
"925500","","","","36.022107275819806","36.022107275819806","36.022107275819806"
"927000","","","","40.68130533283913","40.68130533283913","40.68130533283913"
"928500","","","","38.90042957713865","38.90042957713865","38.90042957713865"
"930000","","","","43.770135262730555","43.770135262730555","43.770135262730555"
"931500","","","","18.376726644783272","18.376726644783272","18.376726644783272"
"933000","","","","17.837247447474233","17.837247447474233","17.837247447474233"
"934500","","","","18.2756614219829","18.2756614219829","18.2756614219829"
"936000","","","","17.514603502649642","17.514603502649642","17.514603502649642"
"937500","","","","17.0965556374109","17.0965556374109","17.0965556374109"
"939000","","","","17.034399947447604","17.034399947447604","17.034399947447604"
"940500","","","","17.823892063544342","17.823892063544342","17.823892063544342"
"942000","","","","18.389343992727646","18.389343992727646","18.389343992727646"
"943500","","","","17.51208769042191","17.51208769042191","17.51208769042191"
"945000","","","","17.096800261140622","17.096800261140622","17.096800261140622"
"946500","","","","17.811947710217158","17.811947710217158","17.811947710217158"
"948000","","","","17.391940286095927","17.391940286095927","17.391940286095927"
"949500","","","","17.160921153985498","17.160921153985498","17.160921153985498"
"951000","","","","18.025526791203937","18.025526791203937","18.025526791203937"
"952500","","","","16.69046691162284","16.69046691162284","16.69046691162284"
"954000","","","","17.193811480988003","17.193811480988003","17.193811480988003"
"955500","","","","16.59525876378031","16.59525876378031","16.59525876378031"
"957000","","","","16.851312704742888","16.851312704742888","16.851312704742888"
"958500","","","","17.50760366601674","17.50760366601674","17.50760366601674"
"960000","","","","16.84313979964192","16.84313979964192","16.84313979964192"
"961500","","","","17.556453383176233","17.556453383176233","17.556453383176233"
"963000","","","","17.69052645957824","17.69052645957824","17.69052645957824"
"964500","","","","17.678891241812895","17.678891241812895","17.678891241812895"
"966000","","","","17.017323318662534","17.017323318662534","17.017323318662534"
"967500","","","","17.245415773926208","17.245415773926208","17.245415773926208"
"969000","","","","17.977307157985006","17.977307157985006","17.977307157985006"
"970500","","","","17.28111393895923","17.28111393895923","17.28111393895923"
"972000","","","","18.07455707631441","18.07455707631441","18.07455707631441"
"973500","","","","17.596848844946315","17.596848844946315","17.596848844946315"
"975000","","","","15.690198309124016","15.690198309124016","15.690198309124016"
"976500","","","","18.39411506886782","18.39411506886782","18.39411506886782"
"978000","","","","17.218799180541176","17.218799180541176","17.218799180541176"
"979500","","","","16.28693725261016","16.28693725261016","16.28693725261016"
"981000","","","","16.588863312968037","16.588863312968037","16.588863312968037"
"982500","","","","17.17638644889153","17.17638644889153","17.17638644889153"
"984000","","","","17.860946028285557","17.860946028285557","17.860946028285557"
"985500","","","","17.268023392716078","17.268023392716078","17.268023392716078"
"987000","","","","17.07833746973047","17.07833746973047","17.07833746973047"
"988500","","","","17.372087218410673","17.372087218410673","17.372087218410673"
"990000","","","","17.35892241352738","17.35892241352738","17.35892241352738"
"991500","","","","17.614133980690127","17.614133980690127","17.614133980690127"
"993000","","","","17.23503479082163","17.23503479082163","17.23503479082163"
"994500","","","","18.07031000879663","18.07031000879663","18.07031000879663"
"996000","","","","17.9287064244307","17.9287064244307","17.9287064244307"
"997500","","","","17.038948751017575","17.038948751017575","17.038948751017575"
"999000","","","","16.785746386356838","16.785746386356838","16.785746386356838"
"1000500","","","","17.235313344650336","17.235313344650336","17.235313344650336"
"1002000","","","","18.316209818403443","18.316209818403443","18.316209818403443"
"1003500","","","","22.993422119541805","22.993422119541805","22.993422119541805"
"1005000","","","","17.571090144501284","17.571090144501284","17.571090144501284"
"1006500","","","","18.612146459589543","18.612146459589543","18.612146459589543"
"1008000","","","","18.362887836797672","18.362887836797672","18.362887836797672"
"1009500","","","","29.206792887578317","29.206792887578317","29.206792887578317"
"1011000","","","","28.2824170730953","28.2824170730953","28.2824170730953"
"1012500","","","","22.87543984660823","22.87543984660823","22.87543984660823"
"1014000","","","","22.716713827985984","22.716713827985984","22.716713827985984"
"1015500","","","","17.04423996286103","17.04423996286103","17.04423996286103"
"1017000","","","","30.738920780824767","30.738920780824767","30.738920780824767"
"1018500","","","","26.49174003796439","26.49174003796439","26.49174003796439"
"1020000","","","","33.05036963433905","33.05036963433905","33.05036963433905"
"1021500","","","","18.584178647066356","18.584178647066356","18.584178647066356"
"1023000","","","","18.36054952561718","18.36054952561718","18.36054952561718"
"1024500","","","","17.71478829083141","17.71478829083141","17.71478829083141"
"1026000","","","","25.81903134781687","25.81903134781687","25.81903134781687"
"1027500","","","","36.740232486288285","36.740232486288285","36.740232486288285"
"1029000","","","","37.3756832904055","37.3756832904055","37.3756832904055"
"1030500","","","","33.14565222681621","33.14565222681621","33.14565222681621"
"1032000","","","","21.262620427018977","21.262620427018977","21.262620427018977"
"1033500","","","","18.355045888401783","18.355045888401783","18.355045888401783"
"1035000","","","","20.172521596164678","20.172521596164678","20.172521596164678"
"1036500","","","","17.99424560383731","17.99424560383731","17.99424560383731"
"1038000","","","","16.89146245770453","16.89146245770453","16.89146245770453"
"1039500","","","","17.861017111084145","17.861017111084145","17.861017111084145"
"1042500","","","","28.659226927385852","28.659226927385852","28.659226927385852"
"1044000","","","","21.041472956024684","21.041472956024684","21.041472956024684"
"1045500","","","","21.677888001725197","21.677888001725197","21.677888001725197"
"1047000","","","","28.539539346612035","28.539539346612035","28.539539346612035"
"1048500","","","","42.24436756038823","42.24436756038823","42.24436756038823"
"1050000","","","","41.14295583813998","41.14295583813998","41.14295583813998"
"1051500","","","","32.18393899389244","32.18393899389244","32.18393899389244"
"1053000","","","","17.5849067780706","17.5849067780706","17.5849067780706"
"1054500","","","","25.06020394090724","25.06020394090724","25.06020394090724"
"1056000","","","","17.621295273857648","17.621295273857648","17.621295273857648"
"1057500","","","","17.21224406200632","17.21224406200632","17.21224406200632"
"1059000","","","","17.278696337496132","17.278696337496132","17.278696337496132"
"1060500","","","","17.659087632005384","17.659087632005384","17.659087632005384"
"1062000","","","","18.839118979890657","18.839118979890657","18.839118979890657"
"1063500","","","","17.033585339001174","17.033585339001174","17.033585339001174"
"1065000","","","","17.37357722809447","17.37357722809447","17.37357722809447"
"1066500","","","","17.355877401806772","17.355877401806772","17.355877401806772"
"1068000","","","","17.36506782553776","17.36506782553776","17.36506782553776"
"1069500","","","","16.986744768626586","16.986744768626586","16.986744768626586"
"1071000","","","","18.608031384268116","18.608031384268116","18.608031384268116"
"1072500","","","","17.027897986182328","17.027897986182328","17.027897986182328"
"1074000","","","","17.103955635813474","17.103955635813474","17.103955635813474"
"1075500","","","","16.419599990576266","16.419599990576266","16.419599990576266"
"1077000","","","","17.078175945241398","17.078175945241398","17.078175945241398"
"1078500","","","","17.048630855795032","17.048630855795032","17.048630855795032"
"1080000","","","","16.614797512825312","16.614797512825312","16.614797512825312"
"1081500","","","","17.64574828509391","17.64574828509391","17.64574828509391"
"1083000","","","","17.775506588761623","17.775506588761623","17.775506588761623"
"1084500","","","","17.31027672705225","17.31027672705225","17.31027672705225"
"1086000","","","","17.267792579215616","17.267792579215616","17.267792579215616"
"1087500","","","","16.692057219301056","16.692057219301056","16.692057219301056"
"1089000","","","","17.78149261217418","17.78149261217418","17.78149261217418"
"1090500","","","","17.27560350023287","17.27560350023287","17.27560350023287"
"1092000","","","","17.597865583200875","17.597865583200875","17.597865583200875"
"1093500","","","","17.605736348843937","17.605736348843937","17.605736348843937"
"1095000","","","","16.296631748396017","16.296631748396017","16.296631748396017"
"1096500","","","","18.345407682281266","18.345407682281266","18.345407682281266"
"1098000","","","","17.291690007744613","17.291690007744613","17.291690007744613"
"1099500","","","","16.69040473770352","16.69040473770352","16.69040473770352"
"1101000","","","","30.46638736215003","30.46638736215003","30.46638736215003"
"1102500","","","","17.420897217342933","17.420897217342933","17.420897217342933"
"1104000","","","","17.227189873740937","17.227189873740937","17.227189873740937"
"1105500","","","","18.138187498374478","18.138187498374478","18.138187498374478"
"1107000","","","","17.24835570172889","17.24835570172889","17.24835570172889"
"1108500","","","","16.84643975366148","16.84643975366148","16.84643975366148"
"1110000","","","","17.018601176320935","17.018601176320935","17.018601176320935"
"1111500","","","","17.80192225030063","17.80192225030063","17.80192225030063"
"1113000","","","","17.854161250621694","17.854161250621694","17.854161250621694"
"1114500","","","","18.008840356315158","18.008840356315158","18.008840356315158"
"1116000","","","","17.68188506571888","17.68188506571888","17.68188506571888"
"1117500","","","","17.33362471026578","17.33362471026578","17.33362471026578"
"1119000","","","","16.58805360472183","16.58805360472183","16.58805360472183"
"1120500","","","","16.378942802476224","16.378942802476224","16.378942802476224"
"1122000","","","","16.122031311934414","16.122031311934414","16.122031311934414"
"1123500","","","","16.158517787774695","16.158517787774695","16.158517787774695"
"1125000","","","","16.930934671684856","16.930934671684856","16.930934671684856"
"1126500","","","","16.622250842398355","16.622250842398355","16.622250842398355"
"1128000","","","","16.856679520555772","16.856679520555772","16.856679520555772"
"1129500","","","","17.722721112153224","17.722721112153224","17.722721112153224"
"1131000","","","","16.55696801721087","16.55696801721087","16.55696801721087"
"1132500","","","","17.48156841278238","17.48156841278238","17.48156841278238"
"1134000","","","","16.359650023677457","16.359650023677457","16.359650023677457"
"1135500","","","","17.062119119244848","17.062119119244848","17.062119119244848"
"1137000","","","","17.778942991333047","17.778942991333047","17.778942991333047"
"1138500","","","","18.189786531014363","18.189786531014363","18.189786531014363"
"1140000","","","","17.750169222212314","17.750169222212314","17.750169222212314"
"1141500","","","","16.755905471663763","16.755905471663763","16.755905471663763"
"1143000","","","","16.396207677551185","16.396207677551185","16.396207677551185"
"1144500","","","","17.005302207358092","17.005302207358092","17.005302207358092"
"1146000","","","","16.706899517457668","16.706899517457668","16.706899517457668"
"1147500","","","","17.240783669882447","17.240783669882447","17.240783669882447"
"1149000","","","","18.061294413883388","18.061294413883388","18.061294413883388"
"1150500","","","","29.44777238153731","29.44777238153731","29.44777238153731"
"1152000","","","","18.053445583024654","18.053445583024654","18.053445583024654"
"1153500","","","","16.473057145464924","16.473057145464924","16.473057145464924"
"1155000","","","","16.83033995557997","16.83033995557997","16.83033995557997"
"1156500","","","","18.115327220107616","18.115327220107616","18.115327220107616"
"1159500","","","","31.056790017572332","31.056790017572332","31.056790017572332"
"1161000","","","","26.85274933293181","26.85274933293181","26.85274933293181"
"1162500","","","","17.810079201216215","17.810079201216215","17.810079201216215"
"1164000","","","","18.50240286216941","18.50240286216941","18.50240286216941"
"1165500","","","","17.753746979675302","17.753746979675302","17.753746979675302"
"1167000","","","","34.25520736512472","34.25520736512472","34.25520736512472"
"1168500","","","","22.244782115404185","22.244782115404185","22.244782115404185"
"1170000","","","","27.087520358235295","27.087520358235295","27.087520358235295"
"1171500","","","","21.17175157493688","21.17175157493688","21.17175157493688"
"1173000","","","","25.694098143138486","25.694098143138486","25.694098143138486"
"1174500","","","","35.28215014982748","35.28215014982748","35.28215014982748"
"1176000","","","","32.36792392594337","32.36792392594337","32.36792392594337"
"1177500","","","","19.07646243780826","19.07646243780826","19.07646243780826"
"1179000","","","","23.6856751880965","23.6856751880965","23.6856751880965"
"1180500","","","","31.343516725084243","31.343516725084243","31.343516725084243"
"1182000","","","","17.776918865604923","17.776918865604923","17.776918865604923"
"1183500","","","","16.480434495439567","16.480434495439567","16.480434495439567"
"1185000","","","","25.701511923937023","25.701511923937023","25.701511923937023"
"1186500","","","","18.723536713266082","18.723536713266082","18.723536713266082"
"1188000","","","","17.680304219131063","17.680304219131063","17.680304219131063"
"1189500","","","","17.707232868737613","17.707232868737613","17.707232868737613"
"1191000","","","","16.872618654123066","16.872618654123066","16.872618654123066"
"1192500","","","","17.368363061829864","17.368363061829864","17.368363061829864"
"1194000","","","","17.545780114490636","17.545780114490636","17.545780114490636"
"1195500","","","","16.607227731050973","16.607227731050973","16.607227731050973"
"1197000","","","","16.991786808387545","16.991786808387545","16.991786808387545"
"1198500","","","","17.8287362651808","17.8287362651808","17.8287362651808"
"1200000","","","","16.049657116361548","16.049657116361548","16.049657116361548"
"1201500","","","","17.76845004422835","17.76845004422835","17.76845004422835"
"1203000","","","","17.245360520379396","17.245360520379396","17.245360520379396"
"1204500","","","","16.893960046002338","16.893960046002338","16.893960046002338"
"1206000","","","","17.051958345855276","17.051958345855276","17.051958345855276"
"1207500","","","","17.18335470795735","17.18335470795735","17.18335470795735"
"1209000","","","","17.14880754184628","17.14880754184628","17.14880754184628"
"1210500","","","","17.37727327530138","17.37727327530138","17.37727327530138"
"1212000","","","","18.327826072712515","18.327826072712515","18.327826072712515"
"1213500","","","","16.8909720873829","16.8909720873829","16.8909720873829"
"1215000","","","","17.1613059370924","17.1613059370924","17.1613059370924"
"1216500","","","","17.619195810646954","17.619195810646954","17.619195810646954"
"1218000","","","","16.886475689263058","16.886475689263058","16.886475689263058"
"1219500","","","","17.08821167041672","17.08821167041672","17.08821167041672"
"1221000","","","","17.28997990439057","17.28997990439057","17.28997990439057"
"1222500","","","","17.08438476310209","17.08438476310209","17.08438476310209"
"1224000","","","","17.240629696259976","17.240629696259976","17.240629696259976"
"1225500","","","","18.20925093357166","18.20925093357166","18.20925093357166"
"1227000","","","","17.68245086240795","17.68245086240795","17.68245086240795"
"1228500","","","","17.28859054435051","17.28859054435051","17.28859054435051"
"1230000","","","","25.388597302604495","25.388597302604495","25.388597302604495"
"1231500","","","","20.32961775489265","20.32961775489265","20.32961775489265"
"1233000","","","","18.12583586585477","18.12583586585477","18.12583586585477"
"1234500","","","","17.82261939232859","17.82261939232859","17.82261939232859"
"1236000","","","","17.36778797805652","17.36778797805652","17.36778797805652"
"1237500","","","","16.769537842442396","16.769537842442396","16.769537842442396"
"1239000","","","","17.119349113871213","17.119349113871213","17.119349113871213"
"1240500","","","","16.42251069229959","16.42251069229959","16.42251069229959"
"1242000","","","","17.18848411749696","17.18848411749696","17.18848411749696"
"1243500","","","","17.517975668523086","17.517975668523086","17.517975668523086"
"1245000","","","","18.420822400726138","18.420822400726138","18.420822400726138"
"1246500","","","","21.92105304363042","21.92105304363042","21.92105304363042"
"1248000","","","","23.90666305702486","23.90666305702486","23.90666305702486"
"1249500","","","","17.817207253484764","17.817207253484764","17.817207253484764"
"1251000","","","","17.52112715096484","17.52112715096484","17.52112715096484"
"1252500","","","","17.17610579576958","17.17610579576958","17.17610579576958"
"1254000","","","","17.44179602113437","17.44179602113437","17.44179602113437"
"1255500","","","","17.551047335345757","17.551047335345757","17.551047335345757"
"1257000","","","","17.473851364520364","17.473851364520364","17.473851364520364"
"1258500","","","","16.868323342521055","16.868323342521055","16.868323342521055"
"1260000","","","","15.624968419492177","15.624968419492177","15.624968419492177"
"1261500","","","","16.316151013756144","16.316151013756144","16.316151013756144"
"1263000","","","","19.109123035560575","19.109123035560575","19.109123035560575"
"1264500","","","","19.194526122879246","19.194526122879246","19.194526122879246"
"1266000","","","","16.76573265630683","16.76573265630683","16.76573265630683"
"1267500","","","","25.819865626689367","25.819865626689367","25.819865626689367"
"1269000","","","","24.78837808325564","24.78837808325564","24.78837808325564"
"1270500","","","","27.780299272134396","27.780299272134396","27.780299272134396"
"1272000","","","","18.051809814757718","18.051809814757718","18.051809814757718"
"1273500","","","","16.6459701838357","16.6459701838357","16.6459701838357"
"1275000","","","","17.302458326640316","17.302458326640316","17.302458326640316"
"1276500","","","","17.411780260279542","17.411780260279542","17.411780260279542"
"1278000","","","","17.30672468844948","17.30672468844948","17.30672468844948"
"1279500","","","","17.683836894699663","17.683836894699663","17.683836894699663"
"1281000","","","","17.486009731101902","17.486009731101902","17.486009731101902"
"1282500","","","","17.236403514315782","17.236403514315782","17.236403514315782"
"1284000","","","","17.022733831589367","17.022733831589367","17.022733831589367"
"1285500","","","","17.374937094351825","17.374937094351825","17.374937094351825"
"1287000","","","","18.05391613440542","18.05391613440542","18.05391613440542"
"1288500","","","","25.27858296077073","25.27858296077073","25.27858296077073"
"1290000","","","","18.386489432719085","18.386489432719085","18.386489432719085"
"1291500","","","","18.960636320362223","18.960636320362223","18.960636320362223"
"1293000","","","","17.522911070298075","17.522911070298075","17.522911070298075"
"1294500","","","","18.965147339780795","18.965147339780795","18.965147339780795"
"1296000","","","","17.54801944108938","17.54801944108938","17.54801944108938"
"1297500","","","","16.634882873990026","16.634882873990026","16.634882873990026"
"1299000","","","","17.352250647285473","17.352250647285473","17.352250647285473"
"1300500","","","","17.398541480683562","17.398541480683562","17.398541480683562"
"1302000","","","","18.333814052470526","18.333814052470526","18.333814052470526"
"1303500","","","","17.585791078331958","17.585791078331958","17.585791078331958"
"1305000","","","","17.119396765267787","17.119396765267787","17.119396765267787"
"1306500","","","","18.082104207742482","18.082104207742482","18.082104207742482"
"1308000","","","","18.109167038614636","18.109167038614636","18.109167038614636"
"1309500","","","","17.43390014988082","17.43390014988082","17.43390014988082"
"1311000","","","","17.121177603193622","17.121177603193622","17.121177603193622"
"1312500","","","","16.409341183988737","16.409341183988737","16.409341183988737"
"1314000","","","","17.67794855191341","17.67794855191341","17.67794855191341"
"1315500","","","","16.63066827426276","16.63066827426276","16.63066827426276"
"1317000","","","","16.864409447838145","16.864409447838145","16.864409447838145"
"1318500","","","","16.978315433330874","16.978315433330874","16.978315433330874"
"1320000","","","","16.30981608484728","16.30981608484728","16.30981608484728"
"1321500","","","","18.54272075052952","18.54272075052952","18.54272075052952"
"1323000","","","","17.700734692718363","17.700734692718363","17.700734692718363"
"1324500","","","","17.577393946799436","17.577393946799436","17.577393946799436"
"1326000","","","","18.02562297542626","18.02562297542626","18.02562297542626"
"1327500","","","","16.48087878559195","16.48087878559195","16.48087878559195"
"1329000","","","","17.707415968215575","17.707415968215575","17.707415968215575"
"1330500","","","","16.207292455581996","16.207292455581996","16.207292455581996"
"1332000","","","","17.495119655514884","17.495119655514884","17.495119655514884"
"1333500","","","","19.929335787022413","19.929335787022413","19.929335787022413"
"1335000","","","","17.692659569837826","17.692659569837826","17.692659569837826"
"1336500","","","","24.50606155553548","24.50606155553548","24.50606155553548"
"1338000","","","","20.61939532114588","20.61939532114588","20.61939532114588"
"1339500","","","","33.53724870727668","33.53724870727668","33.53724870727668"
"1341000","","","","17.189860240727384","17.189860240727384","17.189860240727384"
"1342500","","","","27.250297115375464","27.250297115375464","27.250297115375464"
"1344000","","","","21.425018659615013","21.425018659615013","21.425018659615013"
"1345500","","","","25.432879832836587","25.432879832836587","25.432879832836587"
"1347000","","","","30.452549291640683","30.452549291640683","30.452549291640683"
"1348500","","","","30.117298301989223","30.117298301989223","30.117298301989223"
"1350000","","","","27.132588091555817","27.132588091555817","27.132588091555817"
"1353000","","","","26.83506165750497","26.83506165750497","26.83506165750497"
"1354500","","","","24.3082860962945","24.3082860962945","24.3082860962945"
"1356000","","","","17.668727102489036","17.668727102489036","17.668727102489036"
"1357500","","","","18.141038425576994","18.141038425576994","18.141038425576994"
"1359000","","","","17.607399266915163","17.607399266915163","17.607399266915163"
"1360500","","","","29.8698257143413","29.8698257143413","29.8698257143413"
"1362000","","","","19.55888224299927","19.55888224299927","19.55888224299927"
"1363500","","","","25.701385740585316","25.701385740585316","25.701385740585316"
"1365000","","","","25.540822888473876","25.540822888473876","25.540822888473876"
"1366500","","","","17.68649364680008","17.68649364680008","17.68649364680008"
"1368000","","","","17.54463629664094","17.54463629664094","17.54463629664094"
"1369500","","","","18.738264319267824","18.738264319267824","18.738264319267824"
"1371000","","","","17.712056693343463","17.712056693343463","17.712056693343463"
"1372500","","","","17.712056588447467","17.712056588447467","17.712056588447467"
"1374000","","","","28.130316199914205","28.130316199914205","28.130316199914205"